 Destination Port, Flow Duration, Total Fwd Packets, Total Backward Packets, Total Length of Fwd Packets, Total Length of Bwd Packets, Fwd Packet Length Max, Fwd Packet Length Min, Fwd Packet Length Mean, Fwd Packet Length Std, Bwd Packet Length Max, Bwd Packet Length Min, Bwd Packet Length Mean, Bwd Packet Length Std, Flow Bytes/s, Flow Packets/s, Flow IAT Mean, Flow IAT Std, Flow IAT Max, Flow IAT Min, Fwd IAT Total, Fwd IAT Mean, Fwd IAT Std, Fwd IAT Max, Fwd IAT Min, Bwd IAT Total, Bwd IAT Mean, Bwd IAT Std, Bwd IAT Max, Bwd IAT Min, Fwd PSH Flags, Bwd PSH Flags, Fwd URG Flags, Bwd URG Flags, Fwd Header Length, Bwd Header Length, Fwd Packets/s, Bwd Packets/s, Min Packet Length, Max Packet Length, Packet Length Mean, Packet Length Std, Packet Length Variance, FIN Flag Count, SYN Flag Count, RST Flag Count, PSH Flag Count, ACK Flag Count, URG Flag Count, CWE Flag Count, ECE Flag Count, Down/Up Ratio, Average Packet Size, Avg Fwd Segment Size, Avg Bwd Segment Size, Fwd Header Length, Fwd Avg Bytes/Bulk, Fwd Avg Packets/Bulk, Fwd Avg Bulk Rate, Bwd Avg Bytes/Bulk, Bwd Avg Packets/Bulk, Bwd Avg Bulk Rate, Subflow Fwd Packets, Subflow Fwd Bytes, Subflow Bwd Packets, Subflow Bwd Bytes, Init_Win_bytes_forward, Init_Win_bytes_backward, act_data_pkt_fwd, min_seg_size_forward, Active Mean, Active Std, Active Max, Active Min, Idle Mean, Idle Std, Idle Max, Idle Min, Label
32912,51,1,1,0,0,0,0,0,0,0,0,0,0,0,39215.68627,51,0,51,51,0,0,0,0,0,0,0,0,0,0,0,0,0,0,32,32,19607.84314,19607.84314,0,0,0,0,0,0,0,0,0,1,1,0,0,1,0,0,0,32,0,0,0,0,0,0,1,0,1,0,357,353,0,32,0,0,0,0,0,0,0,0,BENIGN
51114,75,1,1,0,0,0,0,0,0,0,0,0,0,0,26666.66667,75,0,75,75,0,0,0,0,0,0,0,0,0,0,0,0,0,0,32,32,13333.33333,13333.33333,0,0,0,0,0,0,0,0,0,1,1,0,0,1,0,0,0,32,0,0,0,0,0,0,1,0,1,0,349,314,0,32,0,0,0,0,0,0,0,0,BENIGN
53,61416,1,1,48,128,48,48,48,0,128,128,128,0,2865.702748,32.56480396,61416,0,61416,61416,0,0,0,0,0,0,0,0,0,0,0,0,0,0,20,20,16.28240198,16.28240198,48,128,74.66666667,46.18802154,2133.333333,0,0,0,0,0,0,0,0,1,112,48,128,20,0,0,0,0,0,0,1,48,1,128,-1,-1,0,20,0,0,0,0,0,0,0,0,BENIGN
32912,51,1,1,0,0,0,0,0,0,0,0,0,0,Infinity,39215.68627,51,0,51,51,0,0,0,0,0,0,0,0,0,0,0,0,0,0,32,32,19607.84314,19607.84314,0,0,0,0,0,0,0,0,0,1,1,0,0,1,0,0,0,32,0,0,0,0,0,0,1,0,1,0,357,353,0,32,0,0,0,0,0,0,0,0,BENIGN
80,1138193,3,4,439,858,439,0,146.3333333,253.4567682,858,0,214.5,429,1139.525546,6.150099324,189698.8333,441684.4749,1090990,3,23821,11910.5,15910.60968,23161,660,1115094,371698,623041.6634,1090990,3,0,0,0,0,104,136,2.635756853,3.514342471,0,858,162.125,320.4035123,102658.4107,0,0,0,1,0,0,0,0,1,185.2857143,146.3333333,214.5,104,0,0,0,0,0,0,3,439,4,858,29200,31,1,32,0,0,0,0,0,0,0,0,BENIGN
57769,21311,2,1,44,6,38,6,22,22.627417,6,6,6,0,2346.206185,140.7723711,10655.5,14985.71401,21252,59,21311,21311,0,21311,21311,0,0,0,0,0,1,0,0,0,40,20,93.84824738,46.92412369,6,38,22,18.47520861,341.3333333,0,1,0,0,1,0,0,0,0,29.33333333,22,6,40,0,0,0,0,0,0,2,44,1,6,62,0,1,20,0,0,0,0,0,0,0,0,BENIGN
80,114,2,0,0,0,0,0,0,0,0,0,0,0,0,17543.85965,114,0,114,114,114,114,0,114,114,0,0,0,0,0,0,0,0,0,40,0,17543.85965,0,0,0,0,0,0,0,0,0,0,1,0,0,0,0,0,0,0,40,0,0,0,0,0,0,2,0,0,0,255,-1,0,20,0,0,0,0,0,0,0,0,BENIGN
22966,32445,14,6,18467,24,2920,0,1319.071429,1183.430767,6,0,4,3.098386677,569918.3233,616.4278009,1707.631579,6027.493161,25962,2,32445,2495.769231,7236.61909,25962,2,26361,5272.2,11671.21235,26150,3,0,0,0,0,304,144,431.4994606,184.9283403,0,2920,880.5238095,1146.391714,1314213.962,0,0,0,1,0,0,0,0,0,924.55,1319.071429,4,304,0,0,0,0,0,0,14,18467,6,24,8192,357,12,20,0,0,0,0,0,0,0,0,BENIGN
443,121237,1,1,6,6,6,6,6,0,6,6,6,0,98.97968442,16.49661407,121237,0,121237,121237,0,0,0,0,0,0,0,0,0,0,0,0,0,0,20,20,8.248307035,8.248307035,6,6,6,0,0,0,0,0,0,1,1,0,0,1,9,6,6,20,0,0,0,0,0,0,1,6,1,6,30016,30016,0,20,0,0,0,0,0,0,0,0,BENIGN
21,3,2,0,14,0,14,0,7,9.899494937,0,0,0,0,4666666.667,666666.6667,3,0,3,3,3,3,0,3,3,0,0,0,0,0,1,0,0,0,64,0,666666.6667,0,0,14,9.333333333,8.082903769,65.33333333,0,1,0,0,1,0,0,0,0,14,7,0,64,0,0,0,0,0,0,2,14,0,0,229,-1,0,32,0,0,0,0,0,0,0,0,FTP-Patator
21,236,2,1,14,0,14,0,7,9.899494937,0,0,0,0,59322.0339,12711.86441,118,89.09545443,181,55,236,236,0,236,236,0,0,0,0,0,1,0,0,0,64,20,8474.576271,4237.288136,0,14,7,8.082903769,65.33333333,0,1,0,0,1,0,0,0,0,9.333333333,7,0,64,0,0,0,0,0,0,2,14,1,0,229,0,0,32,0,0,0,0,0,0,0,0,DoS slowloris
21,8950918,9,15,100,188,26,0,11.11111111,9.116529554,34,0,12.53333333,14.54975045,32.17547072,2.681289226,389170.3478,1012423.452,3128637,4,5780056,722507,1340324.73,3087751,224,8950826,639344.7143,1249952.31,3128637,4,0,0,0,0,296,488,1.00548346,1.675805767,0,34,11.52,12.54697839,157.4266667,0,0,0,1,0,0,0,0,1,12,11.11111111,12.53333333,296,0,0,0,0,0,0,9,100,15,188,29200,227,6,32,0,0,0,0,0,0,0,0,SSH-Patator
22,12482966,23,32,2008,2745,640,0,87.30434783,136.3399611,976,0,85.78125,220.240592,380.7588677,4.40600415,231166.037,630233.847,2224051,3,10600000,482100.2727,898250.4269,2301593,306,12500000,402671.0323,794018.3345,2224051,3,0,0,0,0,744,1032,1.842510826,2.563493324,0,976,84.875,186.8396554,34909.05682,0,0,0,1,0,0,0,0,1,86.41818182,87.30434783,85.78125,744,0,0,0,0,0,0,23,2008,32,2745,29200,247,16,32,0,0,0,0,0,0,0,0,FTP-Patator
21,263,2,1,14,0,14,0,7,9.899494937,0,0,0,0,53231.93916,11406.84411,131.5,27.57716447,151,112,263,263,0,263,263,0,0,0,0,0,1,0,0,0,64,20,7604.562738,3802.281369,0,14,7,8.082903769,65.33333333,0,1,0,0,1,0,0,0,0,9.333333333,7,0,64,0,0,0,0,0,0,2,14,1,0,229,0,0,32,0,0,0,0,0,0,0,0,SSH-Patator
21,8938866,9,15,112,188,24,0,12.44444444,10.17486009,34,0,12.53333333,14.54975045,33.56130408,2.684904327,388646.3478,1007969.509,3401099,3,6536010,817001.25,1487256.548,3442387,49,8938817,638486.9286,1244033.889,3401099,3,0,0,0,0,296,488,1.006839123,1.678065204,0,34,12,12.81600562,164.25,0,0,0,1,0,0,0,0,1,12.5,12.44444444,12.53333333,296,0,0,0,0,0,0,9,112,15,188,29200,227,6,32,0,0,0,0,0,0,0,0,FTP-Patator
21,8901010,9,15,114,188,30,0,12.66666667,10.80509139,34,0,12.53333333,14.54975045,33.92873393,2.696323226,387000.4348,1003934.684,3383725,3,6328510,791063.75,1451525.702,3427752,3,8900980,635784.2857,1239084.701,3383725,48,0,0,0,0,296,488,1.01112121,1.685202016,0,34,12.08,12.99012445,168.7433333,0,0,0,1,0,0,0,0,1,12.58333333,12.66666667,12.53333333,296,0,0,0,0,0,0,9,114,15,188,29200,227,6,32,0,0,0,0,0,0,0,0,SSH-Patator
21,232,2,1,14,0,14,0,7,9.899494937,0,0,0,0,60344.82759,12931.03448,116,80.61017306,173,59,232,232,0,232,232,0,0,0,0,0,1,0,0,0,64,20,8620.689655,4310.344828,0,14,7,8.082903769,65.33333333,0,1,0,0,1,0,0,0,0,9.333333333,7,0,64,0,0,0,0,0,0,2,14,1,0,229,0,0,32,0,0,0,0,0,0,0,0,FTP-Patator
21,323,2,1,14,0,14,0,7,9.899494937,0,0,0,0,43343.65325,9287.925697,161.5,70.00357134,211,112,323,323,0,323,323,0,0,0,0,0,1,0,0,0,64,20,6191.950464,3095.975232,0,14,7,8.082903769,65.33333333,0,1,0,0,1,0,0,0,0,9.333333333,7,0,64,0,0,0,0,0,0,2,14,1,0,229,0,0,32,0,0,0,0,0,0,0,0,SSH-Patator
80,55519,3,6,349,11595,349,0,116.3333333,201.4952439,2907,0,1932.5,1496.914126,215133.5579,162.1066662,6939.875,15446.98703,44218,33,10990,5495,6382.345807,10008,982,55477,11095.4,19107.03602,44218,37,0,0,0,0,104,200,54.0355554,108.0711108,0,2907,1194.4,1470.713523,2162998.267,0,0,0,1,0,0,0,0,2,1327.111111,116.3333333,1932.5,104,0,0,0,0,0,0,3,349,6,11595,29200,235,1,32,0,0,0,0,0,0,0,0,DoS Hulk
80,85090027,6,6,356,11595,338,0,59.33333333,136.5498688,10136,0,1932.5,4060.245892,140.4512423,0.141027103,7735457,25600000,84900000,3,84900000,17000000,38000000,84900000,3,85100000,17000000,37900000,84900000,63,0,0,0,0,164,200,0.070513551,0.070513551,0,10136,919.7692308,2798.095011,7829335.692,1,0,0,0,0,0,0,0,1,996.4166667,59.33333333,1932.5,164,0,0,0,0,0,0,6,356,6,11595,0,235,3,20,10968,0,10968,10968,84900000,0,84900000,84900000,DoS Hulk
22,81,1,1,0,0,0,0,0,0,0,0,0,0,0,24691.35802,81,0,81,81,0,0,0,0,0,0,0,0,0,0,0,0,0,0,32,32,12345.67901,12345.67901,0,0,0,0,0,0,0,0,0,1,1,0,0,1,0,0,0,32,0,0,0,0,0,0,1,0,1,0,259,247,0,32,0,0,0,0,0,0,0,0,DoS slowloris
80,1287,4,0,0,0,0,0,0,0,0,0,0,0,0,3108.003108,429,310.0387073,787,249,1287,429,310.0387073,787,249,0,0,0,0,0,0,0,0,0,128,0,3108.003108,0,0,0,0,0,0,0,0,0,0,1,0,0,0,0,0,0,0,128,0,0,0,0,0,0,4,0,0,0,251,-1,0,32,0,0,0,0,0,0,0,0,DoS Hulk
80,85512145,8,6,325,11595,319,0,40.625,112.5000794,4344,0,1932.5,1754.831473,139.395404,0.163719434,6577857.308,23700000,85300000,2,85300000,12200000,32200000,85300000,2,190539,38107.8,77430.86814,176198,49,0,0,0,0,252,200,0.093553962,0.070165472,0,4344,794.6666667,1425.128449,2030991.095,0,0,0,0,1,0,0,0,0,851.4285714,40.625,1932.5,252,0,0,0,0,0,0,8,325,6,11595,251,235,2,20,1936,0,1936,1936,85300000,0,85300000,85300000,DoS Hulk
80,103271602,10,8,2142,11595,355,0,214.2,181.7830208,5792,0,1449.375,2046.673464,133.0181747,0.174297674,6074800.118,24200000,99900000,46,103000000,11500000,33200000,99900000,46,103000000,14800000,37600000,99900000,48,0,0,0,0,304,264,0.096832041,0.077465633,0,5792,723.3157895,1432.622655,2052407.673,1,0,0,0,0,0,0,0,0,763.5,214.2,1449.375,304,0,0,0,0,0,0,10,2142,8,11595,0,235,7,20,9000,0,9000,9000,99900000,0,99900000,99900000,DoS Hulk
80,83419317,5,7,351,11595,339,0,70.2,150.2937124,8688,0,1656.428571,3174.60191,143.2042413,0.143851573,7583574.273,25100000,83300000,9,83400000,20800000,41700000,83300000,1992,83400000,13900000,34000000,83400000,44,0,0,0,0,144,232,0.059938156,0.083913418,0,8688,919.3846154,2394.462659,5733451.423,1,0,0,0,0,0,0,0,1,996,70.2,1656.428571,144,0,0,0,0,0,0,5,351,7,11595,0,235,2,20,10973,0,10973,10973,83300000,0,83300000,83300000,DoS Hulk
80,34748483,7,5,323,11595,323,0,46.14285714,122.0825248,7240,0,2319,3331.638186,342.9790014,0.345338817,3158953,10400000,34600000,1,34600000,5769003.167,14100000,34600000,1,149412,37353,64938.7353,134191,66,0,0,0,0,232,168,0.201447643,0.143891174,0,7240,916.7692308,2244.740711,5038860.859,0,0,0,0,1,0,0,0,0,993.1666667,46.14285714,2319,232,0,0,0,0,0,0,7,323,5,11595,274,235,1,32,991,0,991,991,34600000,0,34600000,34600000,DoS Hulk
80,85755665,8,6,358,11595,358,0,44.75,126.5721138,7240,0,1932.5,2695.639126,139.3843777,0.163254521,6596589.615,23700000,85600000,46,85600000,12200000,32400000,85600000,246,147429,29485.8,58761.43327,134130,64,0,0,0,0,264,200,0.093288298,0.069966223,0,7240,796.8666667,1877.363382,3524493.267,0,0,0,0,1,0,0,0,0,853.7857143,44.75,1932.5,264,0,0,0,0,0,0,8,358,6,11595,251,235,1,32,3494,0,3494,3494,85600000,0,85600000,85600000,DoS Hulk
80,300034,5,0,30,0,6,6,6,0,0,0,0,0,99.98866795,16.66477799,75008.5,147355.1172,296033,1,300034,75008.5,147355.1172,296033,1,0,0,0,0,0,0,0,0,0,100,0,16.66477799,0,6,6,6,0,0,0,0,0,0,1,0,0,0,0,7.2,6,0,100,0,0,0,0,0,0,5,30,0,0,256,-1,4,20,0,0,0,0,0,0,0,0,DDoS
80,8076283,8,4,56,11607,20,0,7,5.656854249,11595,0,2901.75,5795.50069,1444.104918,1.485832034,734207.5455,1898879.925,6214030,3,6239787,891398.1429,2347075.015,6214030,3,1837229,612409.6667,1060018.923,1836414,6,0,0,0,0,172,92,0.99055469,0.495277345,0,11595,897.6153846,3214.167532,10300000,0,0,0,0,1,0,0,0,0,972.4166667,7,2901.75,172,0,0,0,0,0,0,8,56,4,11607,256,229,6,20,24977,0,24977,24977,6214030,0,6214030,6214030,DDoS
80,8475062,6,0,36,0,6,6,6,0,0,0,0,0,4.247756536,0.707959423,1695012.4,3789446.872,8473781,1,8475062,1695012.4,3789446.872,8473781,1,0,0,0,0,0,0,0,0,0,120,0,0.707959423,0,6,6,6,0,0,0,0,0,0,1,0,0,0,0,7,6,0,120,0,0,0,0,0,0,6,36,0,0,256,-1,5,20,1281,0,1281,1281,8473781,0,8473781,8473781,DDoS
80,4369905,4,0,24,0,6,6,6,0,0,0,0,0,5.49211024,0.915351707,1456635,2522010.662,4368802,1,4369905,1456635,2522010.662,4368802,1,0,0,0,0,0,0,0,0,0,80,0,0.915351707,0,6,6,6,0,0,0,0,0,0,1,0,0,0,0,7.5,6,0,80,0,0,0,0,0,0,4,24,0,0,256,-1,3,20,0,0,0,0,0,0,0,0,DDoS
80,78815309,8,4,56,11601,20,0,7,5.656854249,8760,0,2900.25,4128.319301,147.902738,0.152254684,7165028.091,20100000,67200000,60,77100000,11000000,25100000,67200000,243,1741783,580594.3333,985658.0975,1718661,377,0,0,0,0,172,92,0.101503123,0.050751561,0,8760,897.1538462,2488.507044,6192667.308,0,0,0,0,1,0,0,0,0,971.9166667,7,2900.25,172,0,0,0,0,0,0,8,56,4,11601,256,229,6,20,1880,0,1880,1880,38500000,40600000,67200000,9838476,DDoS
80,4588876,5,0,30,0,6,6,6,0,0,0,0,0,6.537548628,1.089591438,1147219,2293130.046,4586914,4,4588876,1147219,2293130.046,4586914,4,0,0,0,0,0,0,0,0,0,100,0,1.089591438,0,6,6,6,0,0,0,0,0,0,1,0,0,0,0,7.2,6,0,100,0,0,0,0,0,0,5,30,0,0,256,-1,4,20,0,0,0,0,0,0,0,0,DDoS
80,98200159,9,6,62,11601,20,0,6.888888889,5.30199124,4380,0,1933.5,1757.789948,118.7676285,0.152749244,7014297.071,24400000,91700000,3,97600000,12200000,32200000,91700000,3,605720,121144,258716.4793,583644,18,0,0,0,0,192,132,0.091649546,0.061099697,0,4380,729.3125,1399.285566,1958000.096,0,0,0,0,1,0,0,0,0,777.9333333,6.888888889,1933.5,192,0,0,0,0,0,0,9,62,6,11601,256,229,7,20,2016,0,2016,2016,48800000,60600000,91700000,5933832,DDoS
80,78531497,8,5,56,11607,20,0,7,5.656854249,10135,0,2321.4,4413.201989,148.5136594,0.165538676,6544291.417,22600000,78300000,4,78400000,11200000,29600000,78300000,4,98661,24665.25,48170.10142,96915,163,0,0,0,0,172,112,0.101869954,0.063668721,0,10135,833.5,2705.044255,7317264.423,0,0,0,0,1,0,0,0,0,897.6153846,7,2321.4,172,0,0,0,0,0,0,8,56,5,11607,256,229,6,20,145413,0,145413,145413,78300000,0,78300000,78300000,DDoS
34573,47,1,1,2,6,2,2,2,0,6,6,6,0,170212.766,42553.19149,47,0,47,47,0,0,0,0,0,0,0,0,0,0,0,0,0,0,24,20,21276.59574,21276.59574,2,6,3.333333333,2.309401077,5.333333333,0,0,0,1,0,0,0,0,1,5,2,6,24,0,0,0,0,0,0,1,2,1,6,1024,0,0,24,0,0,0,0,0,0,0,0,PortScan
1352,70,1,1,2,6,2,2,2,0,6,6,6,0,114285.7143,28571.42857,70,0,70,70,0,0,0,0,0,0,0,0,0,0,0,0,0,0,24,20,14285.71429,14285.71429,2,6,3.333333333,2.309401077,5.333333333,0,0,0,1,0,0,0,0,1,5,2,6,24,0,0,0,0,0,0,1,2,1,6,1024,0,0,24,0,0,0,0,0,0,0,0,PortScan
12174,75,1,1,2,6,2,2,2,0,6,6,6,0,106666.6667,26666.66667,75,0,75,75,0,0,0,0,0,0,0,0,0,0,0,0,0,0,24,20,13333.33333,13333.33333,2,6,3.333333333,2.309401077,5.333333333,0,0,0,1,0,0,0,0,1,5,2,6,24,0,0,0,0,0,0,1,2,1,6,1024,0,0,24,0,0,0,0,0,0,0,0,PortScan
990,48,1,1,2,6,2,2,2,0,6,6,6,0,166666.6667,41666.66667,48,0,48,48,0,0,0,0,0,0,0,0,0,0,0,0,0,0,24,20,20833.33333,20833.33333,2,6,3.333333333,2.309401077,5.333333333,0,0,0,1,0,0,0,0,1,5,2,6,24,0,0,0,0,0,0,1,2,1,6,1024,0,0,24,0,0,0,0,0,0,0,0,PortScan
1300,22,1,1,2,6,2,2,2,0,6,6,6,0,363636.3636,90909.09091,22,0,22,22,0,0,0,0,0,0,0,0,0,0,0,0,0,0,24,20,45454.54545,45454.54545,2,6,3.333333333,2.309401077,5.333333333,0,0,0,1,0,0,0,0,1,5,2,6,24,0,0,0,0,0,0,1,2,1,6,1024,0,0,24,0,0,0,0,0,0,0,0,PortScan
10629,49,1,1,2,6,2,2,2,0,6,6,6,0,163265.3061,40816.32653,49,0,49,49,0,0,0,0,0,0,0,0,0,0,0,0,0,0,24,20,20408.16327,20408.16327,2,6,3.333333333,2.309401077,5.333333333,0,0,0,1,0,0,0,0,1,5,2,6,24,0,0,0,0,0,0,1,2,1,6,1024,0,0,24,0,0,0,0,0,0,0,0,PortScan
57294,55,1,1,2,6,2,2,2,0,6,6,6,0,145454.5455,36363.63636,55,0,55,55,0,0,0,0,0,0,0,0,0,0,0,0,0,0,24,20,18181.81818,18181.81818,2,6,3.333333333,2.309401077,5.333333333,0,0,0,1,0,0,0,0,1,5,2,6,24,0,0,0,0,0,0,1,2,1,6,1024,0,0,24,0,0,0,0,0,0,0,0,PortScan
5033,16,1,1,2,6,2,2,2,0,6,6,6,0,500000,125000,16,0,16,16,0,0,0,0,0,0,0,0,0,0,0,0,0,0,24,20,62500,62500,2,6,3.333333333,2.309401077,5.333333333,0,0,0,1,0,0,0,0,1,5,2,6,24,0,0,0,0,0,0,1,2,1,6,1024,0,0,24,0,0,0,0,0,0,0,0,PortScan
